{
  "totalBursts": 90,
  "intensityDistribution": {
    "8": 41,
    "9": 20,
    "10": 16,
    "11": 5,
    "12": 1,
    "13": 1,
    "14": 4,
    "16": 1,
    "17": 1
  },
  "dominantThemeDistribution": {
    "tesla": 45,
    "grok": 8,
    "ia": 26,
    "spacex": 3,
    "none": 1,
    "politics": 7
  },
  "hourDistribution": [
    4,
    1,
    0,
    1,
    2,
    9,
    5,
    6,
    7,
    2,
    0,
    1,
    9,
    7,
    10,
    4,
    5,
    7,
    2,
    1,
    3,
    1,
    1,
    2
  ],
  "coOccurrenceMatrix": {
    "tesla": {
      "tesla": 75,
      "spacex": 34,
      "ia": 64,
      "politics": 33,
      "grok": 52,
      "x": 1
    },
    "spacex": {
      "tesla": 34,
      "spacex": 39,
      "ia": 36,
      "politics": 15,
      "grok": 29,
      "x": 0
    },
    "ia": {
      "tesla": 64,
      "spacex": 36,
      "ia": 77,
      "politics": 34,
      "grok": 57,
      "x": 1
    },
    "politics": {
      "tesla": 33,
      "spacex": 15,
      "ia": 34,
      "politics": 39,
      "grok": 23,
      "x": 0
    },
    "grok": {
      "tesla": 52,
      "spacex": 29,
      "ia": 57,
      "politics": 23,
      "grok": 62,
      "x": 0
    },
    "x": {
      "tesla": 1,
      "spacex": 0,
      "ia": 1,
      "politics": 0,
      "grok": 0,
      "x": 1
    }
  },
  "avgThemeCounts": {
    "tesla": 1.9222222222222223,
    "spacex": 0.5666666666666667,
    "ia": 1.9555555555555555,
    "politics": 0.6444444444444445,
    "grok": 1.4555555555555555,
    "x": 0.011111111111111112
  },
  "clusterAnalysis": {
    "totalClusters": 76,
    "clusterSizes": [
      1,
      1,
      1,
      1,
      1,
      1,
      1,
      1,
      1,
      2,
      1,
      2,
      1,
      1,
      3,
      1,
      1,
      1,
      1,
      1,
      1,
      1,
      1,
      1,
      1,
      1,
      1,
      2,
      1,
      2,
      1,
      1,
      1,
      1,
      1,
      2,
      1,
      3,
      1,
      1,
      1,
      1,
      1,
      1,
      1,
      1,
      1,
      2,
      1,
      1,
      2,
      1,
      1,
      1,
      1,
      1,
      1,
      1,
      1,
      2,
      1,
      1,
      1,
      1,
      1,
      1,
      1,
      1,
      1,
      1,
      1,
      2,
      1,
      1,
      1,
      2
    ],
    "maxClusterSize": 3,
    "avgClusterSize": 1.1842105263157894,
    "sizeDistribution": {
      "1": 64,
      "2": 10,
      "3": 2
    }
  }
}